BRAND,MODEL,MODEL,BATT_CAPACITY
Abarth,500e Hatchback,2023,37.8
Abarth,600e Scorpionissima,2024,50.8
Abarth,500e Convertible,2023,37.8
Abarth,600e Turismo,2024,50.8
Abarth,500e Scorpionissima,2023,37.8
Aiways,U5,2020,60
Aiways,U5,2022,60
Aiways,U6,2022,60
Alfa Romeo,Junior Elettrica 54 kWh,2024,50.8
Alfa Romeo,Junior Elettrica 54 kWh Veloce,2024,50.8
Alpine,A290 Electric 220 hp,2024,52
Alpine,A290 Electric 180 hp,2024,52
Audi,e-tron 55 quattro,2020,86.5
Audi,Q6 SUV e-tron quattro,2024,94.9
Audi,Q8 SUV e-tron 55 quattro,2022,106
Audi,Q4 e-tron 45,2023,77
Audi,A6 Avant e-tron performance,2024,94.9
Audi,e-tron 50 quattro,2019,64.7
Audi,Q4 e-tron 40,2021,76.6
Audi,A6 Sportback e-tron performance,2024,94.9
Audi,e-tron GT quattro,2021,85
Audi,A6 Avant e-tron quattro,2024,94.9
Audi,Q4 e-tron 50 quattro,2021,76.6
Audi,Q4 e-tron 40,2025,59
Audi,A6 Avant e-tron,2024,75.8
Audi,e-tron GT RS performance,2024,97
Audi,S6 Avant e-tron,2024,94.9
Audi,Q6 SUV e-tron performance,2024,94.9
Audi,e-tron GT RS,2021,85
Audi,A6 Sportback e-tron,2024,75.8
Audi,Q4 e-tron 55 quattro,2023,77
Audi,e-tron GT S,2024,97
Audi,Q4 e-tron 35,2021,52
Audi,A6 Sportback e-tron quattro,2024,94.9
Audi,e-tron GT quattro,2025,97
Audi,Q6 SUV e-tron,2024,75.8
Audi,Q4 e-tron 35,2024,52
Audi,e-tron 50 quattro,2021,64.7
Audi,e-tron Sportback 55 quattro,2020,86.5
Audi,e-tron 55 quattro,2019,86.5
Audi,Q4 Sportback e-tron 45,2023,77
Audi,Q4 Sportback e-tron 40,2021,76.6
Audi,SQ6 SUV e-tron,2024,94.9
Audi,S6 Sportback e-tron,2024,94.9
Audi,Q6 Sportback e-tron,2024,75.8
Audi,Q6 Sportback e-tron performance,2024,94.9
Audi,Q4 Sportback e-tron 45 quattro,2023,77
Audi,e-tron S,2021,86.5
Audi,e-tron GT RS,2024,97
Audi,Q8 Sportback e-tron 55 quattro,2022,106
Audi,e-tron Sportback 50 quattro,2020,64.7
Audi,Q4 e-tron 45 quattro,2023,77
Audi,e-tron S Sportback,2021,86.5
Audi,e-tron 55 quattro,2019,86.5
Audi,Q4 Sportback e-tron 55 quattro,2023,77
Audi,Q8 SUV e-tron 50 quattro,2022,89
Audi,Q4 Sportback e-tron 40,2025,59
Audi,SQ6 Sportback e-tron,2024,94.9
Audi,Q4 Sportback e-tron 50 quattro,2021,76.6
Audi,Q6 Sportback e-tron quattro,2024,94.9
Audi,Q4 e-tron 45 quattro,2021,76.6
Audi,SQ8 SUV e-tron,2023,106
Audi,e-tron Sportback 55 quattro,2020,86.5
Audi,e-tron S,2020,86.5
Audi,Q4 Sportback e-tron 45 quattro,2022,76.6
Audi,Q4 Sportback e-tron 35,2021,52
Audi,Q8 Sportback e-tron 50 quattro,2022,89
Audi,Q4 Sportback e-tron 35,2024,52
Audi,e-tron S Sportback,2020,86.5
Audi,SQ8 Sportback e-tron,2023,106
Audi,e-tron Sportback 50 quattro,2021,64.7
BMW,iX3 50 xDrive,2025,108.7
BMW,iX xDrive40,2021,71
BMW,iX3,2021,74
BMW,iX1 xDrive30,2022,64.7
BMW,i3 120 Ah,2018,37.9
BMW,i4 eDrive40,2021,80.7
BMW,iX1 eDrive20,2023,64.7
BMW,iX xDrive50,2021,105.2
BMW,i4 eDrive35,2024,67.1
BMW,i4 M50,2021,80.7
BMW,i7 xDrive60,2022,101.7
BMW,i5 eDrive40 Sedan,2023,81.2
BMW,iX xDrive60,2025,109.1
BMW,i4 eDrive40,2025,81.3
BMW,i4 eDrive40,2024,81.3
BMW,iX xDrive45,2025,94.8
BMW,i4 M60 xDrive,2025,81.1
BMW,iX2 eDrive20,2024,64.7
BMW,i3s 120 Ah,2018,37.9
BMW,iX2 xDrive30,2023,64.7
BMW,i3 94 Ah,2016,27.2
BMW,i5 M60 xDrive Sedan,2023,81.2
BMW,i4 eDrive35,2022,67
BMW,i7 M70 xDrive,2023,101.7
BMW,i3 60 Ah,2013,18.8
BMW,iX M60,2022,105.2
BMW,iX M70 xDrive,2025,108.9
BMW,i4 M50,2024,81.3
BMW,i5 eDrive40 Touring,2024,81.2
BMW,i5 eDrive40 Sedan (MY25),2025,81.2
BMW,i4 eDrive35,2025,67.1
BMW,i7 eDrive50,2023,101.7
BMW,i3 94 Ah,2017,27.2
BMW,i5 eDrive40 Touring (MY25),2025,81.2
BMW,iX3,2020,74
BMW,i4 xDrive40,2024,81.3
BMW,i4 xDrive40,2025,81.1
BMW,i5 M60 xDrive Sedan (MY25),2025,81.2
BMW,i5 xDrive40 Sedan,2024,81.2
BMW,i5 xDrive40 Sedan (MY25),2025,81.2
BMW,i5 xDrive40 Touring,2024,81.2
BMW,i5 xDrive40 Touring (MY25),2025,81.2
BMW,i5 M60 xDrive Touring (MY25),2025,81.2
BMW,i5 M60 xDrive Touring,2024,81.2
BMW,i3s 94 Ah,2017,27.2
BYD,ATTO 3 (MY23-24),2022,60.48
BYD,SEALION 7 91.3 kWh AWD Excellence,2024,91.3
BYD,ATTO 2,2025,45.12
BYD,DOLPHIN 60.4 kWh (MY25),2025,60.48
BYD,SEAL 82.5 kWh AWD Excellence,2023,82.5
BYD,DOLPHIN 60.4 kWh (MY24),2023,60.48
BYD,DOLPHIN SURF 43.2 kWh Comfort,2025,43.2
BYD,TANG Flagship,2024,108.8
BYD,SEALION 7 82.5 kWh RWD Comfort,2024,82.5
BYD,ATTO 3 (MY25),2025,60.48
BYD,SEAL U 87 kWh Design,2024,87
BYD,HAN,2023,85.4
BYD,SEAL 82.5 kWh RWD Design,2023,82.5
BYD,DOLPHIN SURF 43.2 kWh Boost,2025,43.2
BYD,DOLPHIN SURF 30 kWh Active,2025,30
BYD,SEAL U 71.8 kWh Comfort,2024,71.8
BYD,SEALION 7 82.5 kWh AWD Design,2024,82.5
BYD,ATTO 2 64.8 kWh,2025,58
BYD,TANG,2022,86.4
BYD,SEAL 61.4 kWh RWD Comfort,2025,61.4
BYD,DOLPHIN 44.9 kWh Active (MY24),2023,44.9
BYD,DOLPHIN 44.9 kWh Boost (MY24),2023,44.9
Cadillac,LYRIQ 600 E4 (MY24),2024,102
Cadillac,OPTIQ 500 E4 (MY26),2025,75
Cadillac,LYRIQ-V (MY26),2025,91
Cadillac,VISTIQ 900 E4 (MY26),2025,91
Citroën,ë-C3 Comfort Range 44 kWh,2024,43.8
Citroën,C5 Aircross Long Range,2025,96.9
Citroën,ë-C4,2021,46.3
Citroën,ë-C3 Aircross Extended Range 54 kWh,2025,53.5
Citroën,C5 Aircross Comfort Range,2025,73.7
Citroën,ë-C3 Aircross Comfort Range 44 kWh,2024,43.8
Citroën,ë-C4,2024,46.3
Citroën,ë-C4 X,2022,46.3
Citroën,ë-C3 Urban Range 30 kWh,2025,29.8
Citroën,ë-C4 X 54 kWh,2024,50.8
Citroën,C-Zero,2016,14.5
Citroën,ë-C4 54 kWh,2024,50.8
Citroën,ë-C4 X,2024,46.3
Citroën,ë-C4 X 54 kWh,2023,50.8
Citroën,ë-Berlingo M 50 kWh,2021,46.3
Citroën,ë-Berlingo M 50 kWh,2024,50
Citroën,C-Zero,2011,14.5
Citroën,ë-Jumpy Combi M 75 kWh,2020,69
Citroën,ë-SpaceTourer M 75 kWh,2024,69
Citroën,ë-C4,2020,46.3
Citroën,ë-Berlingo XL 50 kWh,2024,50
Citroën,ë-Berlingo Multispace,2017,20.5
Citroën,ë-C4 54 kWh,2023,50.8
Citroën,ë-Jumpy Combi XL 75 kWh,2020,69
Citroën,ë-Berlingo XL 50 kWh,2021,46.3
Citroën,ë-SpaceTourer M 50 kWh,2020,46.3
Citroën,ë-SpaceTourer M 75 kWh,2021,69
Citroën,ë-SpaceTourer XL 50 kWh,2024,46.3
Citroën,ë-SpaceTourer XL 75 kWh,2024,69
Citroën,ë-SpaceTourer M 50 kWh,2024,46.3
Citroën,ë-Jumpy Combi XL 50 kWh,2020,46.3
Citroën,ë-Jumpy Combi M 50 kWh,2020,46.3
Citroën,ë-Jumpy Combi XS 50 kWh,2020,46.3
Citroën,ë-SpaceTourer XL 50 kWh,2020,46.3
Citroën,ë-SpaceTourer XL 75 kWh,2021,69
Citroën,ë-SpaceTourer XS 50 kWh,2020,46.3
CUPRA,Born 150 kW - 58 kWh,2021,58
CUPRA,Born 170 kW - 77 kWh,2022,77
CUPRA,Tavascan Endurance,2024,77
CUPRA,Born 170 kW - 79 kWh,2025,79
CUPRA,Tavascan VZ,2024,77
CUPRA,Born VZ,2024,79
CUPRA,Born 170 kW - 59 kWh,2024,59
CUPRA,Born 170 kW - 77 kWh,2024,77
CUPRA,Born 150 kW - 59 kWh,2025,59
CUPRA,Born 170 kW - 58 kWh,2022,58
Dacia,Spring Electric 45,2024,25
Dacia,Spring Electric 65,2024,25
Dacia,Spring Electric 45,2022,25
Dacia,Spring Electric,2021,25
Dacia,Spring Electric,2021,25
Dacia,Spring Electric 65 Extreme,2023,25
Dongfeng,Box 42.3 kWh,2024,40
Dongfeng,Box 31.4 kWh,2025,29
DS Automobiles,N°8 FWD Long Range,2024,97.2
DS Automobiles,N°8 AWD Long Range,2024,97.2
DS Automobiles,N°4 E-Tense,2025,58.3
DS Automobiles,DS 3 E-Tense,2022,50.8
DS Automobiles,DS 3 Crossback E-Tense,2021,46.3
DS Automobiles,DS 3 Crossback E-Tense,2020,46.3
DS Automobiles,N°8 FWD,2024,73.7
e.GO,e.wave X,2022,27
Elaris,BEO 86 kWh,2023,81
Fiat,500e Hatchback 42 kWh,2020,37.3
Fiat,Grande Panda,2024,43.8
Fiat,600e,2023,50.8
Fiat,500e Hatchback 24 kWh,2020,21.3
Fiat,500e 3+1 42 kWh,2020,37.3
Fiat,500e Cabrio 42 kWh,2020,37.3
Fiat,500e 3+1 24 kWh,2022,21.3
Fiat,500e Cabrio 24 kWh,2022,21.3
Fiat,E-Ulysse L2 75 kWh,2022,69
Fiat,E-Ulysse L3 75 kWh,2022,69
Fiat,E-Ulysse L2 50 kWh,2022,46.3
Fiat,E-Ulysse L3 50 kWh,2022,46.3
firefly,firefly,2025,41.2
Fisker,Ocean One,2023,106.5
Fisker,Ocean Extreme,2023,106.5
Fisker,Ocean Ultra,2023,106.5
Fisker,Ocean Sport,2023,71
Ford,Puma Gen-E,2024,43.6
Ford,Explorer Extended Range RWD,2024,77
Ford,Capri Extended Range RWD,2024,77
Ford,Mustang Mach-E ER RWD (MY24),2024,91
Ford,Explorer Extended Range AWD,2024,79
Ford,Explorer Standard Range RWD,2024,52
Ford,Capri Extended Range AWD,2024,79
Ford,e-Tourneo Courier,2024,43.6
Ford,Mustang Mach-E ER RWD (MY21),2021,88
Ford,Focus Electric,2013,19.55
Ford,Mustang Mach-E ER AWD (MY22),2022,91
Ford,Mustang Mach-E ER AWD (MY23.75),2023,91
Ford,Capri Standard Range RWD,2024,52
Ford,e-Tourneo Custom L2 210 kW,2023,64
Ford,Mustang Mach-E SR RWD (MY21),2021,68
Ford,Mustang Mach-E GT (MY25),2025,91
Ford,Explorer Extended Range RWD,2024,79
Ford,Mustang Mach-E ER AWD (MY23),2022,91
Ford,Mustang Mach-E ER AWD (MY24),2024,91
Ford,Mustang Mach-E ER RWD (MY25),2025,88
Ford,Mustang Mach-E GT (MY24),2024,91
Ford,Mustang Mach-E ER AWD (MY21),2021,88
Ford,Mustang Mach-E SR RWD (MY23.75),2023,72.6
Ford,Mustang Mach-E GT (MY23.75),2023,91
Ford,Mustang Mach-E ER RWD (MY22),2022,91
Ford,Mustang Mach-E SR RWD (MY24),2024,72.6
Ford,Mustang Mach-E Rally (MY24),2024,91
Ford,Mustang Mach-E ER RWD (MY23.75),2023,91
Ford,e-Tourneo Custom L1 160 kW,2023,64
Ford,Mustang Mach-E SR AWD (MY21),2021,68
Ford,Mustang Mach-E SR RWD (MY23),2022,70
Ford,Mustang Mach-E ER AWD (MY25),2025,88
Ford,Mustang Mach-E ER RWD (MY23),2022,91
Ford,Mustang Mach-E SR RWD (MY25),2025,72.6
Ford,Mustang Mach-E GT (MY21),2021,88
Ford,Mustang Mach-E SR AWD (MY22),2022,70
Ford,Mustang Mach-E GT (MY23),2022,91
Ford,Mustang Mach-E GT (MY22),2022,91
Ford,Mustang Mach-E SR AWD (MY24),2024,72.6
Ford,Mustang Mach-E SR RWD (MY22),2022,70
Ford,e-Tourneo Custom L2 160 kW,2023,64
Ford,e-Tourneo Custom L1 210 kW,2023,64
Ford,Mustang Mach-E Rally (MY25),2025,91
Ford,Mustang Mach-E SR AWD (MY23.75),2023,72.6
Ford,Mustang Mach-E SR AWD (MY23),2022,70
Geely,EX5,2025,60.22
Genesis,G80 Electrified Luxury (MY22-24),2022,82.5
Genesis,GV60 Premium (MY22-24),2022,74
Genesis,GV60 Performance (MY25),2025,80
Genesis,GV70 Electrified Sport (MY22-24),2022,74
Genesis,GV60 Sport (MY25),2025,80
Genesis,G80 Electrified (MY25),2025,90
Genesis,GV70 Electrified (MY25),2025,80
Genesis,GV60 Pure (MY25),2025,80
Genesis,GV60 Sport Plus (MY22-24),2022,74
Genesis,GV60 Sport (MY22-24),2022,74
GWM,ORA 03 48 kWh,2024,45.4
GWM,ORA 07 Pure,2024,64.3
GWM,ORA 07 GT,2024,83.5
GWM,ORA 03 63 kWh,2024,59.3
GWM,ORA 03 GT,2024,59.3
GWM,ORA 07 Pro,2024,64.3
Honda,e:Ny1,2023,61.9
Honda,e,2020,28.5
Honda,e Advance,2020,28.5
Hongqi,E-HS9 99 kWh,2022,90
Hongqi,E-HS9 84 kWh,2022,76.5
Hongqi,E-HS9 120 kWh,2023,112
Hongqi,E-HS7 111 kWh Long Range,2025,95.3
Hongqi,E-HS7 111 kWh AWD Pro,2025,95.3
Hyundai,Kona Electric 65 kWh,2023,65.4
Hyundai,IONIQ 5 84 kWh RWD (MY24),2024,80
Hyundai,INSTER Long Range,2024,46
Hyundai,Kona Electric 64 kWh,2021,64
Hyundai,IONIQ 6 Long Range 2WD,2022,74
Hyundai,IONIQ Electric,2019,38.3
Hyundai,Kona Electric 64 kWh,2019,64
Hyundai,IONIQ 5 63 kWh RWD (MY24),2024,60
Hyundai,IONIQ 5 Long Range 2WD (MY22),2022,74
Hyundai,IONIQ 6 Standard Range 2WD,2023,50
Hyundai,IONIQ Electric,2016,28
Hyundai,IONIQ 6 Long Range AWD,2022,74
Hyundai,IONIQ 5 N (MY24),2023,80
Hyundai,INSTER Standard Range,2024,39
Hyundai,IONIQ 5 84 kWh AWD (MY24),2024,80
Hyundai,IONIQ 9 Long Range AWD,2025,106
Hyundai,Kona Electric 39 kWh,2021,39.2
Hyundai,IONIQ 5 Standard Range 2WD (MY21),2021,54
Hyundai,IONIQ 5 Long Range AWD (MY22),2022,74
Hyundai,IONIQ 5 Long Range 2WD (MY21),2021,70
Hyundai,IONIQ 9 Long Range RWD,2025,106
Hyundai,Kona Electric 48 kWh,2023,48.4
Hyundai,IONIQ 9 Performance AWD,2025,106
Hyundai,Kona Electric 64 kWh,2018,64
Hyundai,IONIQ 5 Long Range AWD (MY21),2021,70
Hyundai,Kona Electric 39 kWh,2019,39.2
Hyundai,IONIQ 5 Project 45 (MY21),2021,70
Hyundai,IONIQ 5 Standard Range AWD (MY21),2021,54
Hyundai,Kona Electric 39 kWh,2018,39.2
JAC,iEV7s,2021,39
Jaecoo,5 EV,2025,58.9
Jaguar,I-Pace EV400,2023,84.7
Jaguar,I-Pace EV400,2020,84.7
Jaguar,I-Pace EV400,2018,84.7
Jaguar,I-Pace EV320,2020,84.7
Jeep,Avenger Electric,2023,50.8
Jeep,Compass Electric 74 kWh,2025,74
Jeep,Avenger Electric 1st Edition,2023,50.8
KGM,Torres EVX,2024,72
KGM,Musso EV 4WD,2025,81
KGM,Musso EV 2WD,2025,81
Kia,EV3 Long Range,2024,78
Kia,PV5 Passenger 71.2 kWh (MY26),2025,67
Kia,Niro EV,2022,64.8
Kia,EV4 Hatchback 81.4 kWh,2025,78
Kia,EV5 81.4 kWh (MY26),2025,78
Kia,EV3 Standard Range,2024,55
Kia,EV6 Long Range 2WD,2021,74
Kia,e-Niro 64 kWh,2020,64
Kia,EV6 Long Range AWD,2024,80
Kia,EV9 99.8 kWh AWD,2023,96
Kia,EV4 Fastback 81.4 kWh,2025,78
Kia,EV6 Long Range 2WD,2024,80
Kia,EV6 GT,2022,74
Kia,e-Niro 64 kWh,2020,64
Kia,EV6 GT,2025,80
Kia,EV9 99.8 kWh RWD,2023,96
Kia,EV6 Long Range AWD,2021,74
Kia,EV6 Standard Range 2WD,2024,60
Kia,Soul EV,2017,30
Kia,EV4 Hatchback 58.3 kWh,2025,55
Kia,EV9 99.8 kWh AWD GT-Line,2023,96
Kia,e-Niro 64 kWh,2018,64
Kia,e-Soul 64 kWh,2022,64
Kia,Soul EV,2014,27
Kia,PV5 Passenger 51.5 kWh (MY26),2025,48
Kia,EV6 Standard Range 2WD,2021,54
Kia,EV9 99.8 kWh AWD GT,2025,96
Kia,e-Soul 64 kWh,2020,64
Kia,EV9 76.1 kWh RWD,2024,73
Kia,e-Niro 39 kWh,2020,39.2
Kia,e-Soul 39 kWh,2020,39.2
Kia,e-Soul 64 kWh,2020,64
Kia,e-Niro 39 kWh,2020,39.2
Kia,e-Niro 39 kWh,2019,39.2
Kia,e-Soul 39.2 kWh,2022,39.2
Kia,e-Soul 39 kWh,2020,39.2
Lancia,Ypsilon (MY24),2024,48.1
Lancia,Ypsilon 54 kWh (MY25),2025,50.8
Lancia,Ypsilon 54 kWh HF (MY25),2025,50.8
Leapmotor,B10 67.1 kWh,2025,65
Leapmotor,T03,2024,36
Leapmotor,C10,2024,69.9
Leapmotor,B10 56.2 kWh,2025,55
Lexus,RZ 450e (MY23-25),2023,64
Lexus,RZ 500e (MY26),2025,72
Lexus,UX 300e,2020,45
Lexus,RZ 350e (MY26),2025,72
Lexus,RZ 300e (MY23-25),2023,64
Lexus,UX 300e,2023,64
Lexus,RZ 550e F SPORT (MY26),2025,72
Lightyear,0,2022,60
Lotus,Eletre,2023,109
Lotus,Emeya 600,2025,98.9
Lotus,Eletre R,2023,109
Lotus,Emeya,2024,98.9
Lotus,Eletre 600,2025,109
Lotus,Emeya R,2024,98.9
Lotus,Eletre S,2023,109
Lotus,Eletre 900,2025,109
Lotus,Emeya 900,2025,98.9
Lotus,Emeya S,2024,98.9
Lucid,Gravity Grand Touring (MY26),2025,123
Lucid,Air Grand Touring (MY25-26),2024,117
Lucid,Air Sapphire (MY25-26),2025,118
Lucid,Air Dream Edition R,2022,118
Lucid,Air Grand Touring (MY23-24),2023,112
Lucid,Air Pure RWD (MY26),2025,88
Lucid,Air Pure RWD (MY24-25),2024,84
Lucid,Air Touring (MY26),2025,96
Lucid,Air Touring (MY23-24),2023,92
Lucid,Gravity Touring (MY26),2025,89
Lucid,Air Dream Edition P,2022,118
Lucid,Air Pure AWD (MY23-24),2023,92
Lucid,Air Touring (MY25),2024,96
Lynk&Co,2,2024,65
Maserati,GranTurismo Folgore,2024,83
Maserati,Grecale Folgore,2024,95
Maserati,GranCabrio Folgore,2024,83
Maxus,MIFA 9,2023,84
Mazda,6e 68.8 kWh,2025,66
Mazda,6e Long Range 80 kWh,2025,75
Mazda,MX-30,2022,30
Mazda,MX-30,2020,30
Mercedes-Benz,CLA 250+,2025,85
Mercedes-Benz,GLC 400 4MATIC,2026,94
Mercedes-Benz,EQS 450+,2024,118
Mercedes-Benz,EQB 250+,2023,70.5
Mercedes-Benz,EQC 400 4MATIC,2020,80
Mercedes-Benz,CLA 350 4MATIC,2025,85
Mercedes-Benz,EQA 250,2023,66.5
Mercedes-Benz,G 580,2024,116
Mercedes-Benz,EQA 250+,2023,70.5
Mercedes-Benz,CLA 200,2025,58
Mercedes-Benz,EQB 300 4MATIC,2023,66.5
Mercedes-Benz,EQE 350+ (MY24),2024,96
Mercedes-Benz,EQS SUV 450 4MATIC,2023,118
Mercedes-Benz,EQE 300 (MY23),2023,89
Mercedes-Benz,B 250e,2015,28
Mercedes-Benz,EQS 450+,2021,107.8
Mercedes-Benz,EQS 580 4MATIC,2023,108.4
Mercedes-Benz,EQE 350+ (MY22-23),2022,90.6
Mercedes-Benz,EQS 450 4MATIC,2024,118
Mercedes-Benz,EQE SUV 350+ (MY23-24),2023,96
Mercedes-Benz,EQV 300 Long,2024,90
Mercedes-Benz,EQA 250,2021,66.5
Mercedes-Benz,EQS AMG 53 4MATIC+,2024,118
Mercedes-Benz,EQV 300 Long,2020,90
Mercedes-Benz,EQS SUV Maybach 680,2024,118
Mercedes-Benz,EQB 350 4MATIC,2023,66.5
Mercedes-Benz,EQE 350 (MY23),2023,89
Mercedes-Benz,EQE SUV AMG 53 4MATIC+ (MY25),2025,90.6
Mercedes-Benz,EQS SUV 580 4MATIC,2023,118
Mercedes-Benz,EQS 500 4MATIC,2024,118
Mercedes-Benz,EQS 580 4MATIC,2024,118
Mercedes-Benz,EQE 350+ (MY25),2025,96
Mercedes-Benz,EQS 450+,2023,108.4
Mercedes-Benz,EQE 350 4MATIC (MY23),2023,89
Mercedes-Benz,EQB 300 4MATIC,2022,66.5
Mercedes-Benz,EQA 300 4MATIC,2023,66.5
Mercedes-Benz,EQS 350,2024,96
Mercedes-Benz,EQB 250,2022,66.5
Mercedes-Benz,EQC 400 4MATIC,2019,80
Mercedes-Benz,EQE 500 4MATIC (MY23),2023,90.6
Mercedes-Benz,EQB 350 4MATIC,2022,66.5
Mercedes-Benz,EQA 250,2022,66.5
Mercedes-Benz,EQS 500 4MATIC,2023,108.4
Mercedes-Benz,EQE 300 (MY25),2025,89
Mercedes-Benz,eVito Tourer Long 90 kWh,2020,90
Mercedes-Benz,EQA 350 4MATIC,2021,66.5
Mercedes-Benz,EQE 500 4MATIC (MY24),2024,90.6
Mercedes-Benz,EQA 350 4MATIC,2023,66.5
Mercedes-Benz,EQE 300 (MY22-23),2022,89
Mercedes-Benz,EQE SUV 350 4MATIC (MY23-24),2023,90.6
Mercedes-Benz,EQS AMG 53 4MATIC+,2022,107.8
Mercedes-Benz,EQE 350 4MATIC (MY24),2024,90.6
Mercedes-Benz,EQT 200 Standard,2023,45
Mercedes-Benz,EQS 350,2021,90.6
Mercedes-Benz,EQE SUV 500 4MATIC (MY23-24),2023,96
Mercedes-Benz,EQE 350 4MATIC (MY25),2025,90.6
Mercedes-Benz,EQE 300 (MY24),2024,89
Mercedes-Benz,EQE AMG 43 4MATIC (MY22-23),2022,90.6
Mercedes-Benz,EQA 300 4MATIC,2021,66.5
Mercedes-Benz,EQS SUV 450+,2023,118
Mercedes-Benz,EQA 250+,2022,70.5
Mercedes-Benz,EQE SUV 500 4MATIC (MY23),2022,90.6
Mercedes-Benz,EQE SUV 500 4MATIC (MY25),2025,96
Mercedes-Benz,EQS 580 4MATIC,2021,107.8
Mercedes-Benz,EQE SUV 300 (MY23-24),2023,90.6
Mercedes-Benz,EQS SUV 580 4MATIC,2022,108.4
Mercedes-Benz,EQS SUV 450 4MATIC,2022,108.4
Mercedes-Benz,eVito Tourer Long 90 kWh,2024,90
Mercedes-Benz,EQE AMG 43 4MATIC (MY23),2023,90.6
Mercedes-Benz,EQS 450 4MATIC,2022,107.8
Mercedes-Benz,EQE SUV 350 4MATIC (MY23),2022,89
Mercedes-Benz,EQE 500 4MATIC (MY25),2025,90.6
Mercedes-Benz,EQS SUV 500 4MATIC,2023,118
Mercedes-Benz,EQB 250+,2022,70.5
Mercedes-Benz,EQS AMG 53 4MATIC+,2023,108.4
Mercedes-Benz,EQE SUV AMG 43 4MATIC (MY23-24),2022,90.6
Mercedes-Benz,EQE AMG 53 4MATIC+ (MY23),2023,90.6
Mercedes-Benz,EQE SUV AMG 53 4MATIC+ (MY23-24),2023,90.6
Mercedes-Benz,eVito Tourer Long 41 kWh,2019,35
Mercedes-Benz,EQE AMG 53 4MATIC+ (MY25),2025,90.6
Mercedes-Benz,EQE 350 4MATIC (MY22-23),2022,90.6
Mercedes-Benz,EQS 500 4MATIC,2022,107.8
Mercedes-Benz,EQV 300 Extra-Long,2024,90
Mercedes-Benz,EQE AMG 53 4MATIC+ (MY22-23),2022,90.6
Mercedes-Benz,EQE 500 4MATIC (MY22-23),2022,90.6
Mercedes-Benz,EQT 200 Long,2024,45
Mercedes-Benz,EQE SUV 300 (MY25),2025,90.6
Mercedes-Benz,eVito Tourer Long 60 kWh,2022,60
Mercedes-Benz,EQS SUV 450+,2022,108.4
Mercedes-Benz,EQS SUV 500 4MATIC,2022,108.4
Mercedes-Benz,EQV 300 Extra-Long,2020,90
Mercedes-Benz,eVito Tourer Extra-Long 90 kWh,2020,90
Mercedes-Benz,EQA 250+,2022,70.5
Mercedes-Benz,EQE 350+ (MY23),2023,90.6
Mercedes-Benz,EQE 350 (MY22-23),2022,89
Mercedes-Benz,EQE AMG 43 4MATIC (MY24),2024,90.6
Mercedes-Benz,EQE SUV 350+ (MY25),2025,96
Mercedes-Benz,EQE AMG 53 4MATIC+ (MY24),2024,90.6
Mercedes-Benz,EQE SUV 350 4MATIC (MY25),2025,90.6
Mercedes-Benz,EQS 450 4MATIC,2023,108.4
Mercedes-Benz,eVito Tourer Extra-Long 41 kWh,2019,35
Mercedes-Benz,EQV 250 Long,2024,60
Mercedes-Benz,eVito Tourer Extra-Long 60 kWh,2024,60
Mercedes-Benz,EQE SUV 350+ (MY23),2022,90.6
Mercedes-Benz,EQV 250 Extra-Long,2024,60
Mercedes-Benz,eVito Tourer Long 60 kWh,2024,60
Mercedes-Benz,eVito Tourer Extra-Long 60 kWh,2022,60
Mercedes-Benz,EQV 250 Long,2021,60
Mercedes-Benz,EQE SUV 300 (MY23),2023,89
Mercedes-Benz,EQV 250 Extra-Long,2021,60
MG,MG4 Electric 64 kWh,2022,61.7
MG,MGS5  EV 64 kWh,2025,62.1
MG,IM5 Long Range,2025,96.5
MG,ZS EV Long Range,2021,68.3
MG,MG5 Electric Long Range,2022,57.4
MG,IM6 Long Range,2025,96.5
MG,MG4 Electric 51 kWh,2022,50.8
MG,MG4 Electric 77 kWh,2023,74.4
MG,ZS EV,2019,42.5
MG,Marvel R,2021,70
MG,IM5 Performance,2025,96.5
MG,Cyberster GT,2024,74.4
MG,MG4 Electric XPOWER,2023,61.7
MG,ZS EV Standard Range,2021,49
MG,MGS5  EV 49 kWh,2025,47.1
MG,Marvel R Performance,2021,70
MG,MG5 Electric Standard Range,2022,46
MG,MG5 EV,2020,48.8
MG,IM6 Performance,2025,96.5
MG,IM5 Standard Range,2025,73.5
MG,MG5 EV Long Range,2020,57.4
MG,Cyberster Trophy,2024,74.4
Mini,Cooper SE,2021,28.9
Mini,Countryman E,2024,64.6
Mini,Cooper SE,2023,49.2
Mini,Cooper E,2023,36.6
Mini,Cooper SE,2020,28.9
Mini,Countryman SE ALL4,2024,64.6
Mini,Aceman E,2024,38.5
Mini,Aceman SE,2024,49.2
Mini,Cooper JCW,2024,49.2
Mini,Aceman JCW,2024,49.2
Mini,Cooper SE Convertible,2023,28.9
Mitsubishi,Eclipse Cross 87 kWh (MY26),2025,87
Mitsubishi,i-MiEV,2015,14.5
Mitsubishi,i-MiEV,2011,14.5
NIO,ET5 Long Range,2022,90
NIO,EL6 Long Range,2023,90
NIO,EL8 Long Range,2024,90
NIO,ET7 Standard Range,2022,73.5
NIO,EL7 Long Range,2022,90
NIO,ET5 Touring Long Range,2023,90
NIO,ET7 Long Range,2022,90
NIO,ET5 Standard Range,2022,73.5
NIO,ET5 Touring Standard Range,2023,73.5
NIO,EL8 Standard Range,2024,73.5
NIO,EL6 Standard Range,2023,73.5
NIO,EL7 Standard Range,2022,73.5
Nissan,LEAF 40 kWh (MY18-22),2018,39
Nissan,Ariya 87kWh,2022,87
Nissan,LEAF Extended Range 75 kWh (MY26),2026,75
Nissan,LEAF 40 kWh (MY23-25),2022,39
Nissan,LEAF e+ 62 kWh (MY19-22),2019,59
Nissan,e-NV200 Evalia,2018,37
Nissan,LEAF e+ 62 kWh (MY23-25),2022,59
Nissan,Micra Extended Range 52 kWh,2025,52
Nissan,Ariya 63kWh,2022,63
Nissan,LEAF Standard Range 52 kWh (MY26),2026,52
Nissan,LEAF 24 kWh (MY14-17),2013,22
Nissan,LEAF 30 kWh (MY15-17),2015,28
Nissan,Micra Standard Range 40 kWh,2023,40
Nissan,LEAF 24 kWh (MY11-13),2011,22
Nissan,Ariya e-4ORCE 87kWh - 225 kW,2022,87
Nissan,Townstar EV Passenger,2023,45
Nissan,e-NV200 Evalia,2014,22
Nissan,Ariya e-4ORCE 87kWh - 320 kW Nismo,2024,87
Nissan,Townstar EV Passenger L2,2024,45
Nissan,Ariya e-4ORCE 87kWh - 290 kW,2023,87
Omoda,E5,2024,58.9
Opel,Frontera Electric 44 kWh,2024,43.8
Opel,Corsa-e (MY22-23),2021,46.3
Opel,Mokka-e 50 kWh,2021,46.3
Opel,Astra Electric,2023,50.8
Opel,Corsa Electric 51 kWh (MY24),2023,48.1
Opel,Mokka Electric,2024,50.8
Opel,Corsa-e (MY20-21),2020,46.3
Opel,Frontera Electric 54 kWh,2025,53.5
Opel,Ampera-e,2017,58
Opel,Grandland Electric 97 kWh,2025,96.9
Opel,Grandland Electric 73 kWh,2024,73
Opel,Corsa Electric 54 kWh (MY25),2025,50.8
Opel,Grandland Electric 82 kWh,2024,82.2
Opel,Grandland Electric 73 kWh AWD,2025,73
Opel,Astra Sports Tourer Electric,2023,50.8
Opel,Corsa Electric 50 kWh (MY24),2023,46.3
Opel,Corsa Electric 50 kWh (MY25),2025,46.3
Opel,Mokka-e 54 kWh,2023,50.8
Opel,Mokka Electric GSE,2025,50.8
Opel,Vivaro-e Combi M 75 kWh,2020,69
Opel,Combo-e Life 50 kWh,2021,46.3
Opel,Combo Electric 50 kWh,2024,50
Opel,Mokka-e,2021,46.3
Opel,Zafira Electric 75 kWh,2024,69
Opel,Vivaro-e Combi L 75 kWh,2020,69
Opel,Zafira-e Life L 75 kWh,2021,69
Opel,Zafira-e Life M 50 kWh,2020,46.3
Opel,Vivaro-e Combi L 50 kWh,2020,46.3
Opel,Zafira Electric XL 75 kWh,2024,69
Opel,Combo Electric XL 50 kWh,2024,50
Opel,Zafira Electric XL 50 kWh,2024,46.3
Opel,Zafira Electric 50 kWh,2024,46.3
Opel,Combo-e Life XL 50 kWh,2021,46.3
Opel,Vivaro-e Combi M 50 kWh,2020,46.3
Opel,Zafira-e Life M 75 kWh,2021,69
Opel,Zafira-e Life L 50 kWh,2020,46.3
Opel,Vivaro-e Combi S 50 kWh,2020,46.3
Opel,Zafira-e Life S 50 kWh,2020,46.3
ORA,Funky Cat 63 kWh,2023,59.3
ORA,Funky Cat 48 kWh,2022,45.4
ORA,Funky Cat GT,2023,59.3
Peugeot,e-2008 54 kWh,2023,50.8
Peugeot,e-3008 97 kWh Long Range,2024,96.9
Peugeot,e-3008 73 kWh,2023,73
Peugeot,e-208 (MY22),2021,46.3
Peugeot,e-5008 73 kWh,2024,73
Peugeot,e-208 (MY20-21),2020,46.3
Peugeot,e-5008 97 kWh Long Range,2024,96.9
Peugeot,e-208 51 kWh (MY24),2023,48.1
Peugeot,e-208 50 kWh (MY24),2023,46.3
Peugeot,e-208 54 kWh (MY25),2025,50.8
Peugeot,e-308 (MY23-25),2023,50.8
Peugeot,e-2008,2021,46.3
Peugeot,e-308 58 kWh (MY26),2025,55.4
Peugeot,e-408 58 kWh,2024,58.3
Peugeot,e-2008 50 kWh,2023,46.3
Peugeot,e-308 SW 58 kWh (MY26),2025,55.4
Peugeot,e-208 51 kWh (MY23),2022,48.1
Peugeot,e-2008,2020,46.3
Peugeot,e-308 SW (MY23-25),2023,50.8
Peugeot,e-208 50 kWh (MY25),2025,46.3
Peugeot,e-3008 73 kWh Dual Motor,2025,73
Peugeot,e-5008 73 kWh Dual Motor,2025,73
Peugeot,iOn,2016,14.5
Peugeot,Partner Tepee Electric,2017,20.5
Peugeot,e-Rifter M 50 kWh,2024,50
Peugeot,iOn,2011,14.5
Peugeot,e-Traveller L3 75 kWh,2024,69
Peugeot,e-Expert Combi Long 75 kWh,2021,69
Peugeot,e-Rifter XL 50 kWh,2024,50
Peugeot,e-Traveller Standard 75 kWh,2021,69
Peugeot,e-Rifter Standard 50 kWh,2021,46.3
Peugeot,e-Rifter Long 50 kWh,2021,46.3
Peugeot,e-Traveller L2 50 kWh,2024,46.3
Peugeot,e-Expert Combi Standard 75 kWh,2021,69
Peugeot,e-Traveller L2 75 kWh,2024,69
Peugeot,e-Traveller Long 75 kWh,2021,69
Peugeot,e-Expert Combi Standard 50 kWh,2021,46.3
Peugeot,e-Traveller Standard 50 kWh,2020,46.3
Peugeot,e-Traveller L3 50 kWh,2024,46.3
Peugeot,e-Expert Combi Compact 50 kWh,2021,46.3
Peugeot,e-Expert Combi Long 50 kWh,2021,46.3
Peugeot,e-Traveller Long 50 kWh,2020,46.3
Peugeot,e-Traveller Compact 50 kWh,2021,46.3
Polestar,5 Dual Motor,2025,106
Polestar,5 Performance,2025,106
Polestar,2 Long Range Single Motor,2021,75
Polestar,4 Long Range Single Motor,2024,94
Polestar,2 Long Range Dual Motor,2021,75
Polestar,2 Long Range Single Motor (MY26),2025,79
Polestar,4 Long Range Dual Motor,2024,94
Polestar,3 Long Range Dual motor (MY23-25),2022,107
Polestar,2,2020,75
Polestar,2 Standard Range Single Motor,2021,61
Polestar,2 Long Range Single Motor (MY25),2024,79
Polestar,2 Long Range Dual Motor (MY26),2025,79
Polestar,2 Long Range Single Motor (MY24),2023,79
Polestar,3 Long Range Single motor (MY23-25),2024,107
Polestar,3 Dual Motor (MY26),2025,102
Polestar,2 Long Range Dual Motor (MY24),2023,79
Polestar,2 Standard Range Single Motor (MY26),2025,67
Polestar,2 Long Range Performance (MY24),2023,79
Polestar,3 Long Range Performance (MY23-25),2022,107
Polestar,3 Performance (MY26),2025,102
Polestar,2 Standard Range Single Motor (MY24),2023,67
Polestar,2 Standard Range Single Motor (MY23),2022,67
Polestar,2 Standard Range Single Motor (MY25),2024,67
Polestar,2 Long Range Performance (MY23),2022,75
Polestar,2 Long Range Performance (MY26),2025,79
Polestar,3 Rear Motor (MY26),2025,88
Polestar,2 Long Range Dual Motor (MY25),2024,79
Polestar,2 Long Range Performance (MY25),2024,79
Porsche,Macan Electric,2024,95
Porsche,Taycan 4S,2020,71
Porsche,Macan 4 Electric,2024,95
Porsche,Taycan,2021,71
Porsche,Taycan,2024,82.3
Porsche,Taycan Plus,2024,97
Porsche,Taycan Turbo S,2020,83.7
Porsche,Macan Turbo Electric,2024,95
Porsche,Taycan 4 Cross Turismo,2021,83.7
Porsche,Taycan Turbo,2020,83.7
Porsche,Taycan GTS,2022,83.7
Porsche,Taycan Turbo S,2024,97
Porsche,Taycan Turbo GT,2024,97
Porsche,Macan 4S Electric,2024,95
Porsche,Taycan 4S Plus,2020,83.7
Porsche,Taycan 4S,2024,82.3
Porsche,Taycan 4S Cross Turismo,2023,83.7
Porsche,Taycan Plus,2021,83.7
Porsche,Taycan GTS,2024,97
Porsche,Taycan 4S Plus,2024,97
Porsche,Taycan Turbo GT Weissach,2024,97
Porsche,Taycan 4 Cross Turismo,2024,97
Porsche,Taycan 4S Cross Turismo,2024,97
Porsche,Taycan Turbo,2024,97
Porsche,Taycan 4S Cross Turismo,2021,83.7
Porsche,Taycan Sport Turismo,2022,71
Porsche,Taycan 4 Cross Turismo,2023,83.7
Porsche,Taycan 4 Plus,2024,97
Porsche,Taycan Sport Turismo,2024,82.3
Porsche,Taycan GTS Sport Turismo,2024,97
Porsche,Taycan,2023,71
Porsche,Taycan GTS Sport Turismo,2022,83.7
Porsche,Taycan Plus Sport Turismo,2024,97
Porsche,Taycan Turbo Cross Turismo,2024,97
Porsche,Taycan 4S Sport Turismo,2022,71
Porsche,Taycan Turbo,2023,83.7
Porsche,Taycan Turbo S,2023,83.7
Porsche,Taycan Plus Sport Turismo,2022,83.7
Porsche,Taycan 4S Plus Sport Turismo,2024,97
Porsche,Taycan Turbo S Sport Turismo,2024,97
Porsche,Taycan Turbo S Cross Turismo,2021,83.7
Porsche,Taycan 4S,2023,71
Porsche,Taycan 4S Plus,2023,83.7
Porsche,Taycan Turbo S Cross Turismo,2024,97
Porsche,Taycan 4S Sport Turismo,2024,82.3
Porsche,Taycan Plus,2023,83.7
Porsche,Taycan 4,2024,82.3
Porsche,Taycan Turbo Sport Turismo,2024,97
Porsche,Taycan Turbo S Sport Turismo,2022,83.7
Porsche,Taycan 4S Plus Sport Turismo,2022,83.7
Porsche,Taycan Turbo Sport Turismo,2022,83.7
Porsche,Taycan Turbo Cross Turismo,2021,83.7
Porsche,Taycan Turbo S Cross Turismo,2023,83.7
Porsche,Taycan Turbo Cross Turismo,2023,83.7
Renault,5 E-Tech 52kWh 150hp,2024,52
Renault,Megane E-Tech EV60 220hp,2022,60
Renault,Zoe ZE50 R110,2019,52
Renault,Scenic E-Tech EV87 220hp (TU2025),2025,87
Renault,Twingo Electric,2020,21.3
Renault,4 E-Tech 52kWh 150hp,2025,52
Renault,Scenic E-Tech EV87 220hp,2023,87
Renault,Megane E-Tech EV60 220hp (TU2025),2025,60
Renault,Zoe ZE50 R135,2019,52
Renault,5 E-Tech 40kWh 120hp,2024,40
Renault,5 E-Tech 40kWh 95hp,2025,40
Renault,Scenic E-Tech EV60 170hp (TU2025),2025,60
Renault,Zoe Q210,2013,23.3
Renault,Kangoo E-Tech Electric,2022,45
Renault,Kangoo Maxi ZE 33,2017,31
Renault,Megane E-Tech EV40 130hp,2022,40
Renault,Megane E-Tech EV60 130hp (TU2025),2025,60
Renault,Zoe R110,2018,41
Renault,Zoe ZE40 R110,2019,41
Renault,Zoe R90,2018,41
Renault,Zoe R240,2015,23.3
Renault,4 E-Tech 40kWh 120hp,2025,40
Renault,Zoe R90,2017,41
Renault,Scenic E-Tech EV60 170hp,2023,60
Renault,Zoe Q90,2017,41
Renault,Megane E-Tech EV60 130hp,2022,60
Renault,Kangoo Grand E-Tech Electric,2024,45
Renault,Zoe Q90,2018,41
Renault,Zoe R90 Entry,2017,23.3
Rolls-Royce,Spectre,2023,102
SEAT,Mii Electric,2020,32.3
Seres,3,2021,51
Seres,3,2020,50
Škoda,Elroq 85,2024,77
Škoda,Elroq 60,2024,59
Škoda,Enyaq 85,2025,77
Škoda,Enyaq 85,2023,77
Škoda,Enyaq iV 80,2021,77
Škoda,Enyaq iV 60,2021,58
Škoda,Elroq 50,2024,52
Škoda,Enyaq Coupe 85,2025,77
Škoda,Enyaq iV 80x,2021,77
Škoda,Elroq RS,2025,79
Škoda,Enyaq 60,2025,59
Škoda,Enyaq RS,2025,79
Škoda,Enyaq 85x,2025,77
Škoda,Enyaq Coupe RS,2025,79
Škoda,Enyaq 85x,2023,77
Škoda,CITIGOe iV,2020,32.3
Škoda,Enyaq Coupe 85,2023,77
Škoda,Enyaq 60,2023,58
Škoda,Enyaq Coupe 60,2025,59
Škoda,Enyaq Coupe 85x,2025,77
Škoda,Enyaq RS,2023,77
Škoda,Enyaq Coupe RS,2023,77
Škoda,Enyaq iV 50,2021,52
Škoda,Enyaq Coupe iV RS,2022,77
Škoda,Enyaq 50,2024,52
Škoda,Enyaq Coupe iV 80,2022,77
Škoda,Enyaq Coupe 85x,2023,77
Škoda,Enyaq iV RS,2023,77
Škoda,Enyaq Coupe iV 60,2022,58
Škoda,Enyaq Coupe 60,2023,58
Škoda,Enyaq Coupe iV 80x,2023,77
Skywell,BE11 Long Range,2024,81
Skywell,BE11 Standard Range,2024,68
Smart,#5 Brabus,2025,94
Smart,#5 Premium,2025,94
Smart,EQ fortwo coupe,2020,16.7
Smart,#1 Brabus,2023,62
Smart,#1 Pro+,2023,62
Smart,#3 Brabus,2024,62
Smart,#3 Premium,2024,62
Smart,EQ forfour,2020,16.7
Smart,#5 Summit Edition,2025,94
Smart,#1 Premium,2023,62
Smart,ForTwo Electric Drive,2017,16.7
Smart,#5 Pro,2025,74.4
Smart,#5 Pro+,2025,94
Smart,#1 Pro,2023,47
Smart,#5 Pulse,2025,94
Smart,#3 Pro,2024,47
Smart,ForFour Electric Drive,2017,16.7
Smart,#3 Pro+,2024,62
Smart,EQ fortwo coupe,2018,16.7
Smart,#1 Pulse,2023,62
Smart,#1 Pure,2024,47
Smart,#1 Pure+,2024,62
Smart,EQ forfour,2018,16.7
Smart,ForTwo Cabrio Electric Drive,2017,16.7
Smart,EQ fortwo cabrio,2018,16.7
Smart,EQ fortwo cabrio,2020,16.7
Sono,Sion,2023,47
SsangYong,Korando e-Motion,2022,56
Subaru,Solterra AWD,2022,64
Suzuki,e VITARA 61 kWh 2WD,2025,59.8
Suzuki,e VITARA 61 kWh 4WD AllGrip,2025,59.8
Suzuki,e VITARA 49 kWh 2WD,2025,47.8
Tesla,Model 3 Long Range RWD (Highland),2025,79
Tesla,Model Y Standard RWD (Juniper),2025,60
Tesla,Model Y Premium AWD (Juniper),2025,79
Tesla,Model Y Long Range AWD (Juniper),2025,75
Tesla,Model Y RWD (Juniper),2025,60
Tesla,Model 3 Long Range AWD (Highland),2025,79
Tesla,Model 3 Performance (Highland),2025,79
Tesla,Model 3 RWD (Highland CATL LFP64),2025,60
Tesla,Model 3 Long Range RWD (Highland),2024,75
Tesla,Model Y Long Range RWD (Juniper),2025,75
Tesla,Model Y Performance (Juniper),2025,79
Tesla,Model Y Long Range AWD,2022,75
Tesla,Model 3 Standard Range Plus,2019,49
Tesla,Model Y Premium RWD (Juniper),2025,75
Tesla,Model Y Performance,2022,75
Tesla,Model 3 Standard Range Plus (PANA 2170L),2021,51
Tesla,Model 3 Long Range AWD,2019,73.5
Tesla,Model S Plaid,2022,95
Tesla,Model 3 Performance (Highland),2024,75
Tesla,Model 3 Long Range AWD (Highland),2023,75
Tesla,Model 3 RWD (Highland CATL LFP60),2023,57
Tesla,Model Y Long Range RWD,2024,75
Tesla,Model 3 Long Range AWD,2021,75
Tesla,Model 3 RWD (CATL LFP60),2021,57
Tesla,Model 3 Performance,2020,76
Tesla,Model 3 Long Range AWD,2020,72
Tesla,Model 3 Long Range AWD,2021,76
Tesla,Model Y RWD (CATL LFP),2022,57
Tesla,Model S Dual Motor,2023,95
Tesla,Model Y RWD (BYD LFP),2022,57
Tesla,Model S 75D,2016,72.5
Tesla,Model Y Long Range AWD,2021,72
Tesla,Model 3 Performance,2022,75
Tesla,Model S 100D,2017,95
Tesla,Model 3 Standard Range Plus (CATL LFP55),2020,52.5
Tesla,Model S 85,2013,80.75
Tesla,Model 3 Long Range RWD,2023,75
Tesla,Model X Dual Motor,2023,95
Tesla,Model S Long Range,2019,95
Tesla,Model S 85D,2015,80.75
Tesla,Model X 100D,2017,95
Tesla,Model Y Long Range AWD Launch Series (Juniper),2025,75
Tesla,Model 3 Long Range RWD,2019,73.5
Tesla,Model S 90D,2016,85.5
Tesla,Model X Plaid,2022,95
Tesla,Model S P100D,2016,95
Tesla,Model 3 Performance,2019,73.5
Tesla,Model S P85D,2014,80.75
Tesla,Model S Long Range Plus,2020,98
Tesla,Model X 90D,2016,85.5
Tesla,Model X Long Range,2019,95
Tesla,Model X 75D,2016,72.5
Tesla,Model S Performance,2020,98
Tesla,Model S 70D,2015,66.5
Tesla,Model S 75,2016,72.5
Tesla,Model X Long Range Plus,2020,98
Tesla,Model X P100D,2017,95
Tesla,Model S P90D,2015,85.5
Tesla,Model X Performance,2020,98
Tesla,Model S 60,2016,62
Tesla,Model S Performance,2019,95
Tesla,Model X Ludicrous Performance,2019,95
Tesla,Model S Standard Range,2019,72.5
Tesla,Model S 90D,2015,85.5
Tesla,Model X Performance,2019,95
Tesla,Model X P90D,2016,85.5
Tesla,Model S 70,2015,66.5
Tesla,Model S 70,2016,69
Tesla,Model X Performance,2019,95
Tesla,Model X Long Range,2019,95
Tesla,Model S P90D,2016,85.5
Tesla,Model X 60D,2016,62
Tesla,Model S 60D,2016,62
Tesla,Model X Standard Range,2019,72.5
Tesla,Model X Ludicrous Performance,2019,95
Tesla,Model S P90DL,2016,85.5
Tesla,Model X P90DL,2016,85.5
Tesla,Model S 70D,2016,69
Tesla,Model S P90DL,2015,85.5
Tesla,Model X Performance,2019,95
TOGG,T10F Long Range RWD,2025,85
TOGG,T10F Long Range AWD,2025,85
TOGG,T10X Long Range RWD,2025,85
TOGG,T10X Long Range AWD,2025,85
TOGG,T10F Standard Range RWD,2025,50
TOGG,T10X Standard Range RWD,2025,50
Toyota,bZ4X FWD (MY22-24),2022,64
Toyota,bZ4X AWD (MY22-24),2022,64
Toyota,bZ4X FWD 73.1 kWh (MY25),2025,69
Toyota,Proace Verso L 75 kWh,2024,69
Toyota,bZ4X AWD 73.1 kWh (MY25),2025,69
Toyota,Urban Cruiser 61.1 kWh AWD,2025,59.8
Toyota,Urban Cruiser 61.1 kWh,2025,59.8
Toyota,bZ4X FWD 57.7 kWh (MY25),2025,54
Toyota,Urban Cruiser 48.8 kWh,2025,47.8
Toyota,Proace City Verso L2 50 kWh,2024,50
Toyota,Proace Verso M 50 kWh,2024,46.3
Toyota,Proace Verso L 75 kWh,2021,69
Toyota,Proace Verso M 75 kWh,2021,69
Toyota,Proace City Verso L1 50 kWh,2024,50
Toyota,Proace Verso M 75 kWh,2024,69
Toyota,Proace Verso M 50 kWh,2021,46.3
Toyota,Proace City Verso L1 50 kWh,2022,46.3
Toyota,Proace Shuttle L 50 kWh,2021,46.3
Toyota,Proace City Verso L2 50 kWh,2022,46.3
Toyota,Proace Verso L 50 kWh,2021,46.3
Toyota,Proace Shuttle L 75 kWh,2021,69
Toyota,Proace Shuttle M 75 kWh,2021,69
Toyota,Proace Shuttle M 50 kWh,2021,46.3
VinFast,VF 6 Eco,2025,59.6
VinFast,VF 8 Eco Extended Range,2023,87.7
VinFast,VF 6 Plus,2025,59.6
VinFast,VF 8 Plus Extended Range,2023,87.7
Volkswagen,ID.3 Pro S (MY26),2025,79
Volkswagen,ID.4 Pro (MY24-25),2023,77
Volkswagen,e-Golf,2017,32
Volkswagen,ID.7 Pro (MY24-25),2023,77
Volkswagen,ID.4 Pro Performance,2021,77
Volkswagen,ID.3 Pro,2023,58
Volkswagen,ID.4 Pro (MY26),2025,77
Volkswagen,ID.3 Pure (MY24-26),2024,52
Volkswagen,ID.7 Tourer Pro S (MY26),2025,86
Volkswagen,ID.7 Pro S (MY26),2025,86
Volkswagen,ID.3 Pro,2021,58
Volkswagen,e-Up!,2021,32.3
Volkswagen,ID. Buzz LWB Pro,2024,86
Volkswagen,ID.4 Pure (MY24-25),2023,52
Volkswagen,ID. Buzz Pro,2022,77
Volkswagen,ID.3 Pro (MY24-26),2024,59
Volkswagen,ID.3 Pro S (MY24-25),2024,77
Volkswagen,ID.7 Tourer Pro (MY24-25),2024,77
Volkswagen,ID.3 1st,2020,58
Volkswagen,e-Up!,2020,32.3
Volkswagen,ID.7 Tourer GTX (MY24-25),2024,86
Volkswagen,ID.3 GTX (MY24-26),2024,79
Volkswagen,ID.3 Pro Performance,2021,58
Volkswagen,ID.7 Tourer Pro (MY26),2025,77
Volkswagen,ID.7 Tourer GTX (MY26),2025,86
Volkswagen,e-Golf,2014,20.5
Volkswagen,ID.3 Pro,2020,58
Volkswagen,ID.4 GTX (MY24-25),2023,77
Volkswagen,ID.4 1st,2020,77
Volkswagen,ID.7 Pro S (MY24-25),2024,86
Volkswagen,ID.5 Pro (MY24-25),2023,77
Volkswagen,ID.4 Pro,2022,77
Volkswagen,ID.4 GTX,2022,77
Volkswagen,ID.7 Pro (MY26),2025,77
Volkswagen,ID. Buzz LWB GTX,2024,86
Volkswagen,ID. Buzz NWB Pro,2024,79
Volkswagen,ID.3 GTX Performance (MY24-26),2024,79
Volkswagen,ID.4 Pure (MY26),2025,52
Volkswagen,ID.3 Pure Performance,2021,45
Volkswagen,ID.4 Pure,2021,52
Volkswagen,ID.4 GTX (MY26),2025,79
Volkswagen,ID.7 GTX (MY26),2025,86
Volkswagen,ID.4 Pro 4MOTION (MY24-25),2023,77
Volkswagen,e-Up!,2016,16
Volkswagen,ID.7 GTX (MY24-25),2024,86
Volkswagen,ID.3 Pure Performance,2021,45
Volkswagen,ID.5 Pro (MY26),2025,77
Volkswagen,ID.7 Tourer Pro S (MY24-25),2024,86
Volkswagen,ID.3 Pro S,2020,77
Volkswagen,ID.5 GTX (MY24-25),2023,77
Volkswagen,ID.3 Pro S - 4 Seats,2021,77
Volkswagen,ID.4 Pro 4MOTION (MY26),2025,77
Volkswagen,e-Caravelle L2 160 kW 64 kWh,2025,63.8
Volkswagen,ID.3 Pro S - 4 Seats,2023,77
Volkswagen,e-Up!,2014,16
Volkswagen,ID.3 Pro S - 5 Seats,2021,77
Volkswagen,ID.3 Pro Performance,2020,58
Volkswagen,ID.4 Pure Performance,2021,52
Volkswagen,ID.5 GTX (MY26),2025,79
Volkswagen,ID.5 Pro Performance,2022,77
Volkswagen,ID.5 GTX,2022,77
Volkswagen,ID. Buzz NWB Pure,2024,59
Volkswagen,ID.5 Pure (MY26),2025,52
Volkswagen,ID. Buzz NWB GTX,2024,79
Volkswagen,e-Transporter Kombi L2 160 kW 64 kWh,2025,63.8
Volkswagen,ID.5 Pro Performance,2022,77
Volkswagen,ID.4 Pro 4MOTION,2022,77
Volkswagen,ID.4 GTX,2021,77
Volkswagen,e-Transporter Kombi L1 100 kW 64 kWh,2025,63.8
Volkswagen,e-Caravelle L2 100 kW 64 kWh,2025,63.8
Volkswagen,e-Caravelle L2 210 kW 64 kWh,2025,63.8
Volkswagen,ID.5 Pro,2022,77
Volkswagen,ID.5 Pure (MY24-25),2024,52
Volkswagen,ID.5 GTX,2022,77
Volkswagen,e-Transporter Kombi L2 210 kW 64 kWh,2025,63.8
Volkswagen,e-Caravelle L1 210 kW 64 kWh,2025,63.8
Volkswagen,e-Transporter Kombi L1 210 kW 64 kWh,2025,63.8
Volkswagen,e-Caravelle L1 100 kW 64 kWh,2025,63.8
Volkswagen,e-Transporter Kombi L2 100 kW 64 kWh,2025,63.8
Volkswagen,ID.5 Pro,2022,77
Volkswagen,e-Transporter Kombi L1 160 kW 64 kWh,2025,63.8
Volkswagen,e-Caravelle L1 160 kW 64 kWh,2025,63.8
Volvo,EX30 Single Motor ER (MY24-26),2023,65
Volvo,EX30 Single Motor (MY24-26),2023,49
Volvo,EX40 Single Motor ER (MY26),2025,79
Volvo,EX30 Twin Motor Performance (MY24-26),2023,65
Volvo,EX90 Twin Motor (MY24-25),2022,107
Volvo,XC40 Recharge Single Motor ER (MY24),2022,79
Volvo,XC40 Recharge Pure Electric (MY23),2022,67
Volvo,EX90 Twin Motor Performance (MY24-25),2022,107
Volvo,ES90 Twin Motor (MY26),2025,102
Volvo,C40 Recharge Twin Motor (MY24),2022,79
Volvo,XC40 Recharge Pure Electric (MY22),2021,67
Volvo,EX40 Single Motor ER (MY25),2024,79
Volvo,EX90 Twin Motor (MY26),2025,102
Volvo,ES90 Single Motor (MY26),2025,88
Volvo,XC40 P8 AWD Recharge (MY21),2020,75
Volvo,EX30 Cross Country (MY26),2025,65
Volvo,XC40 Recharge Twin Motor (MY24),2022,79
Volvo,EX40 Single Motor (MY25),2024,67
Volvo,EC40 Single Motor ER (MY26),2025,79
Volvo,EC40 Single Motor ER (MY25),2024,79
Volvo,XC40 Recharge Single Motor (MY24),2022,66
Volvo,EX90 Single Motor (MY26),2025,88
Volvo,EX40 Twin Motor (MY25),2024,79
Volvo,EX90 Single Motor (MY24-25),2023,100
Volvo,C40 Recharge Single Motor (MY24),2022,66
Volvo,C40 Recharge Pure Electric (MY23),2022,67
Volvo,EX90 Twin Motor Performance (MY26),2025,102
Volvo,EC40 Single Motor (MY25),2024,67
Volvo,ES90 Twin Motor Performance (MY26),2025,102
Volvo,EX40 Twin Motor (MY26),2025,79
Volvo,EC40 Twin Motor (MY26),2025,79
Volvo,EX40 Single Motor (MY26),2025,67
Volvo,XC40 Recharge Twin Pure Electric (MY22),2021,75
Volvo,C40 Recharge Twin Pure Electric (MY22),2021,75
Volvo,C40 Recharge Single Motor ER (MY24),2022,79
Volvo,EC40 Twin Motor Performance (MY26),2025,79
Volvo,EX40 Twin Motor Performance (MY26),2025,79
Volvo,EC40 Twin Motor (MY25),2024,79
Volvo,XC40 Recharge Twin Pure Electric (MY23),2022,75
Volvo,EX40 Twin Motor Performance (MY25),2024,79
Volvo,EC40 Single Motor (MY26),2025,67
Volvo,EC40 Twin Motor Performance (MY25),2024,79
Voyah,Free 106 kWh,2023,100
Voyah,Courage 80 kWh AWD,2025,77.3
Voyah,Courage 80 kWh RWD,2025,77.3
XPENG,G6 RWD Long Range (MY25),2025,80
XPENG,G6 RWD Long Range (MY24),2024,87.5
XPENG,G6 RWD Standard Range (MY24),2024,65.34
XPENG,G9 RWD Long Range (MY25),2025,92.2
XPENG,G9 AWD Performance (MY25),2025,92.2
XPENG,P7 RWD Long Range,2023,82.7
XPENG,G9 RWD Long Range (MY24),2023,93.1
XPENG,G6 AWD Performance (MY25),2025,80
XPENG,G9 AWD Performance (MY24),2023,93.1
XPENG,G6 AWD Performance (MY24),2024,87.5
XPENG,G9 RWD Standard Range (MY24),2023,75.8
XPENG,P7 Wing Edition,2023,82.7
XPENG,G9 RWD Standard Range (MY25),2025,78.2
XPENG,P7 AWD Performance,2023,82.7
Zeekr,7X Long Range RWD,2025,94
Zeekr,7X Performance AWD,2025,94
Zeekr,7X Premium RWD,2025,71
Zeekr,001 Performance AWD,2023,94
Zeekr,001 Long Range RWD,2023,94
Zeekr,X Privilege AWD,2023,65
Zeekr,X Long Range RWD,2023,65
Zeekr,X Long Range RWD (MY25),2025,65
Zeekr,001 Privilege AWD,2023,94
Zeekr,X Privilege AWD (MY25),2025,65
Zeekr,X Core RWD (MY25),2025,49